,D,DevE2R,DevR2E,DevtE2R,DevtR2E,HitRate_0.5F,HitRate_0.5P,HitRate_0.5R,HitRate_3F,HitRate_3P,HitRate_3R,HitRate_t0.5F,HitRate_t0.5P,HitRate_t0.5R,HitRate_t3F,HitRate_t3P,HitRate_t3R,PWF,PWP,PWR,Sf,So,Su,ds_name,track_id
0,0.6202759461987655,0.15595435294784465,0.1692458444444469,0.1821447801587297,0.1950437158730125,0.8799999999999999,0.9166666666666666,0.8461538461538461,0.9600000000000001,1.0,0.9230769230769231,0.8571428571428572,0.9,0.8181818181818182,0.9523809523809523,1.0,0.9090909090909091,0.7775281417368709,0.9377891565845955,0.6640474900241391,0.8322641642994363,0.7802911321794919,0.8916548236004705,01,01_-_A_Hard_Day's_Night
1,0.7534233844355734,0.08801984716554045,0.08063416054421424,0.09259926553287912,0.09259926553287912,0.8666666666666667,0.8666666666666667,0.8666666666666667,0.8666666666666667,0.8666666666666667,0.8666666666666667,0.8461538461538461,0.8461538461538461,0.8461538461538461,0.8461538461538461,0.8461538461538461,0.8461538461538461,0.6145812983615468,0.5684114190548014,0.6689146713506517,0.7188432172281192,0.747797633657185,0.6920474258857967,01,01_-_Back_in_the_USSR
2,0.6925531701694791,0.07621673038548948,0.050816592743771594,0.0941810646258503,0.0941810646258503,0.8333333333333334,0.8333333333333334,0.8333333333333334,0.8333333333333334,0.8333333333333334,0.8333333333333334,0.8000000000000002,0.8,0.8,0.8000000000000002,0.8,0.8,0.6376159596682541,0.5990217037920061,0.6815258602088768,0.6982046150093439,0.7222303336188611,0.6757259127435605,01,01_-_Birthday
3,0.6268053381295873,0.1712045911564637,0.1078088797052148,0.23440909546485145,0.23440909546485145,0.8888888888888888,0.8888888888888888,0.8888888888888888,0.8888888888888888,0.8888888888888888,0.8888888888888888,0.875,0.875,0.875,0.875,0.875,0.875,0.8867360972051592,0.8783647425610821,0.895268555553127,0.8466724534787123,0.8597960824196689,0.8339434304432898,01,01_-_Come_Together
4,0.6927430909146142,0.0758372981859381,0.06130763242630399,0.24985883809524978,0.24985883809524978,0.9230769230769231,0.9230769230769231,0.9230769230769231,0.9230769230769231,0.9230769230769231,0.9230769230769231,0.9090909090909091,0.9090909090909091,0.9090909090909091,0.9090909090909091,0.9090909090909091,0.9090909090909091,0.874240926762147,0.953610030716974,0.8070684963918136,0.8583782282414671,0.8069331392126916,0.9168296416840686,01,01_-_Drive_My_Car
5,0.6430614827146929,0.196264922448961,0.17913979081631748,0.27528030816326066,0.23577261530611082,0.8571428571428572,0.8181818181818182,0.9,0.8571428571428572,0.8181818181818182,0.9,0.823529411764706,0.7777777777777778,0.875,0.823529411764706,0.7777777777777778,0.875,0.7628484971881516,0.7729168800719318,0.753039052342392,0.7470977273212432,0.7310777549649531,0.7638355144347126,01,01_-_Help!
6,0.6886782896950853,0.18000079841269212,0.15470304988662065,0.20542395895691357,0.2052985469387636,0.8695652173913043,0.8333333333333334,0.9090909090909091,0.9565217391304348,0.9166666666666666,1.0,0.8421052631578948,0.8,0.8888888888888888,0.9473684210526316,0.9,1.0,0.7115292438274304,0.9533177288253181,0.5675758646994251,0.8138883331602293,0.735166185100694,0.9114915319885111,01,01_-_I_Saw_Her_Standing_There
7,0.7087228992512257,0.2284027175737009,0.1892400882086207,0.2940742352607728,0.2675653469387811,0.8421052631578948,0.8,0.8888888888888888,0.8421052631578948,0.8,0.8888888888888888,0.7999999999999999,0.75,0.8571428571428571,0.7999999999999999,0.75,0.8571428571428571,0.6637631918579937,0.6771824899799599,0.6508654028464546,0.6978197443469955,0.6865108994591476,0.7095074090913043,01,01_-_It_Won't_Be_Long
8,0.6725129549047228,0.07314556201814237,0.05413670498867873,0.08571019523809464,0.08310603242630399,0.888888888888889,0.8571428571428571,0.9230769230769231,0.888888888888889,0.8571428571428571,0.9230769230769231,0.8695652173913043,0.8333333333333334,0.9090909090909091,0.8695652173913043,0.8333333333333334,0.9090909090909091,0.7668387021451211,0.7782552178625322,0.7557522902558792,0.830725370858677,0.8247966249215253,0.8367399671003514,01,01_-_Magical_Mystery_Tour
9,0.6863844520098022,0.36534355158730136,0.3087957312925198,0.43860088877550396,0.4218913718820829,0.7999999999999999,0.75,0.8571428571428571,0.7999999999999999,0.75,0.8571428571428571,0.7272727272727272,0.6666666666666666,0.8,0.7272727272727272,0.6666666666666666,0.8,0.6684261832141619,0.8714697500737004,0.542118175408854,0.6560688562765119,0.5521608560840627,0.8081499907260452,01,01_-_No_Reply
10,0.7540044742687495,0.03869371065759708,0.03869371065759708,0.06444848231292255,0.06444848231292255,0.8000000000000002,0.8,0.8,0.8000000000000002,0.8,0.8,0.75,0.75,0.75,0.75,0.75,0.75,0.5586035573515286,0.5247586983714084,0.5971151190703801,0.6954356013373227,0.7308665052076545,0.6632810988594453,01,01_-_Sgt._Pepper's_Lonely_Hearts_Club_Band
11,0.6138991764538015,0.1348554395691579,0.13462563151927043,0.14724123730158567,0.1350852476190454,0.9032258064516129,0.875,0.9333333333333333,0.967741935483871,0.9375,1.0,0.888888888888889,0.8571428571428571,0.9230769230769231,0.962962962962963,0.9285714285714286,1.0,0.6913718584920762,0.8279447093324415,0.5934756359617707,0.7905464884124764,0.7449347635986033,0.8421080513558408,01,01_-_Taxman
12,0.7422600584902371,0.06752056405897022,0.04711756598640093,0.07510089863946945,0.07510089863946945,0.8333333333333334,0.8333333333333334,0.8333333333333334,0.8333333333333334,0.8333333333333334,0.8333333333333334,0.8000000000000002,0.8,0.8,0.8000000000000002,0.8,0.8,0.9586252808194429,0.9475729549939,0.9699384741632218,0.883774771618255,0.8951487575922161,0.8726862005615786,01,01_-_Two_of_Us
13,0.7417295814295798,0.16944670657596816,0.16434092505669184,0.20884462040816132,0.18914566349206474,0.9411764705882353,0.8888888888888888,1.0,0.9411764705882353,0.8888888888888888,1.0,0.923076923076923,0.8571428571428571,1.0,0.923076923076923,0.8571428571428571,1.0,0.501129861653556,0.43197132653402787,0.5966540767769882,0.6008270750672998,0.6875353987628489,0.5335398540039291,02,02_-_All_I've_Got_To_Do
14,0.7276624558641814,0.0873758104308393,0.0620086117913885,0.22465937052154317,0.22465937052154317,0.9,0.9,0.9,0.9,0.9,0.9,0.875,0.875,0.875,0.875,0.875,0.875,0.5601961524049544,0.857881339031896,0.4158841699500409,0.712348096960856,0.6085982603928286,0.8587405489354747,02,02_-_Dear_Prudence
15,0.6892424930382836,0.12383920147392047,0.11410325941043098,0.13104525498865982,0.12934758435373794,0.9032258064516129,0.875,0.9333333333333333,0.9032258064516129,0.875,0.9333333333333333,0.888888888888889,0.8571428571428571,0.9230769230769231,0.888888888888889,0.8571428571428571,0.9230769230769231,0.8487344713429503,0.7520302045189614,0.9739793915549578,0.8218351105505626,0.9129120961145178,0.7472822435269191,02,02_-_Dig_a_Pony
16,0.6496937849663259,0.1287206580498874,0.08138768276644015,0.16423520782313036,0.16423520782313036,0.9166666666666666,0.9166666666666666,0.9166666666666666,0.9166666666666666,0.9166666666666666,0.9166666666666666,0.9,0.9,0.9,0.9,0.9,0.9,0.7274105827974863,0.8512196925316938,0.6350440224885966,0.7818173901533012,0.7173757330297084,0.8589792508198679,02,02_-_Eleanor_Rigby
17,0.6658698862048891,0.13021108922902158,0.13009392063491276,0.14985046099773314,0.1303282578231304,0.8695652173913043,0.8333333333333334,0.9090909090909091,0.9565217391304348,0.9166666666666666,1.0,0.8421052631578948,0.8,0.8888888888888888,0.9473684210526316,0.9,1.0,0.8162420196839975,0.9870743666575865,0.6958173444665986,0.8926956009269724,0.8291773462583767,0.9667526677652698,02,02_-_I'm_a_Loser
18,0.6658698862048891,0.12752027596371818,0.12752027596371818,0.13050189002268553,0.13050189002268553,0.9090909090909091,0.9090909090909091,0.9090909090909091,1.0,1.0,1.0,0.8888888888888888,0.8888888888888888,0.8888888888888888,1.0,1.0,1.0,0.810644226416869,0.6887175274002193,0.9850280901886133,0.8680880743079118,0.9646810089862224,0.7890781493425346,02,02_-_I_Should_Have_Known_Better
19,0.6931034337184877,0.14416039920634205,0.14416039920634205,0.1512735023809526,0.1512735023809526,0.9,0.9,0.9,1.0,1.0,1.0,0.875,0.875,0.875,1.0,1.0,1.0,0.7337467344185112,0.9123444538841017,0.613625341521855,0.8027273304707129,0.7370982364263199,0.8811855411884613,02,02_-_Misery
20,0.6658698862048891,0.18575963718820862,0.1606463078231286,0.22808474285714553,0.20941478730158813,0.8571428571428572,0.8181818181818182,0.9,0.8571428571428572,0.8181818181818182,0.9,0.823529411764706,0.7777777777777778,0.875,0.823529411764706,0.7777777777777778,0.875,0.6190190961456764,0.6513026385927505,0.5897848462145705,0.7329165473576866,0.7058686544935805,0.7621199090870405,02,02_-_Norwegian_Wood_(This_Bird_Has_Flown)
21,0.7087228992512257,0.08644862222222294,0.05369700748298989,0.106922301020409,0.106922301020409,0.9,0.9,0.9,0.9,0.9,0.9,0.875,0.875,0.875,0.875,0.875,0.875,0.7515009507030358,0.6062773959852475,0.9882100498721763,0.803990177942222,0.946506376171905,0.698775073804189,02,02_-_Something
22,0.6834701571006179,0.05789132766439309,0.042228392970521555,0.06281939478458298,0.06281939478458298,0.9333333333333333,0.9333333333333333,0.9333333333333333,0.9333333333333333,0.9333333333333333,0.9333333333333333,0.9230769230769231,0.9230769230769231,0.9230769230769231,0.9230769230769231,0.9230769230769231,0.9230769230769231,0.7030578890413556,0.6108400359021182,0.8280708393447965,0.7939318018482812,0.8456719360203374,0.748157804243941,02,02_-_The_Fool_On_The_Hill
23,0.666159227725619,0.12347229455782838,0.11855956326530048,0.13283340226757373,0.13283340226757373,0.9230769230769231,0.9230769230769231,0.9230769230769231,0.9230769230769231,0.9230769230769231,0.9230769230769231,0.9090909090909091,0.9090909090909091,0.9090909090909091,0.9090909090909091,0.9090909090909091,0.9090909090909091,0.7505965993835141,0.8735917510024823,0.6579606814289263,0.8090386556499899,0.7729952008585615,0.8486077975443658,02,02_-_The_Night_Before
24,0.7701513041734369,0.04967908401360255,0.03775661643990702,0.05897369183672474,0.05897369183672474,0.8571428571428571,0.8571428571428571,0.8571428571428571,0.8571428571428571,0.8571428571428571,0.8571428571428571,0.8333333333333334,0.8333333333333334,0.8333333333333334,0.8333333333333334,0.8333333333333334,0.8333333333333334,0.6742895177873129,0.9050197590625043,0.5373060415978871,0.763503711619176,0.6643942576422581,0.8973662097391948,02,02_-_With_A_Little_Help_From_My_Friends
25,0.6800694003255598,0.1230566000000124,0.11770530226757359,0.17843947369613034,0.17843947369613034,0.8181818181818182,0.8181818181818182,0.8181818181818182,0.9090909090909091,0.9090909090909091,0.9090909090909091,0.7777777777777778,0.7777777777777778,0.7777777777777778,0.8888888888888888,0.8888888888888888,0.8888888888888888,0.6673691529979959,0.6425314177462664,0.6942043608155564,0.7281895620570832,0.7251211849131736,0.7312840174550925,02,02_-_Yer_Blues
26,0.6522753274471194,0.11338603605442188,0.11024424557824375,0.12489982403629085,0.12489982403629085,0.9411764705882353,0.9411764705882353,0.9411764705882353,0.9411764705882353,0.9411764705882353,0.9411764705882353,0.9333333333333333,0.9333333333333333,0.9333333333333333,0.9333333333333333,0.9333333333333333,0.9333333333333333,0.744059070033836,0.633611343107644,0.901141157629833,0.796331175521681,0.8721062859302053,0.7326712250468833,03,03_-_Across_the_Universe
27,0.6680141898792717,0.18229382970521424,0.17882802222221983,0.22688784875283652,0.19547746780045827,0.8421052631578948,0.8,0.8888888888888888,0.8421052631578948,0.8,0.8888888888888888,0.7999999999999999,0.75,0.8571428571428571,0.7999999999999999,0.75,0.8571428571428571,0.944513155687138,0.916641450164988,0.9741329674502934,0.8820752779303707,0.9172951689976989,0.8494599456333989,03,03_-_All_My_Loving
28,0.6925531701694791,0.16586187335600844,0.14439570362811693,0.2495955793650806,0.18732804308389994,0.7826086956521738,0.75,0.8181818181818182,0.8695652173913043,0.8333333333333334,0.9090909090909091,0.7368421052631577,0.7,0.7777777777777778,0.8421052631578948,0.8,0.8888888888888888,0.8135403223431767,0.8995836757790922,0.7425198090913303,0.7996477584868371,0.7487341894007794,0.857990719716428,03,03_-_Anna_(Go_To_Him)
29,0.5767999962061027,0.47800811224489337,0.4813299086167788,0.49626874603175963,0.49046022551021196,0.6206896551724138,0.6,0.6428571428571429,0.896551724137931,0.8666666666666667,0.9285714285714286,0.5599999999999999,0.5384615384615384,0.5833333333333334,0.8799999999999999,0.8461538461538461,0.9166666666666666,0.4073077494061757,0.4585892775061636,0.3663417565176753,0.5373576062937868,0.48930717515123534,0.5958728924865295,03,03_-_Baby's_In_Black
30,0.7911950467390321,0.05909047256236022,0.05413083129251817,0.06751775340136193,0.07098539297052159,0.7692307692307692,0.8333333333333334,0.7142857142857143,0.923076923076923,1.0,0.8571428571428571,0.6666666666666665,0.75,0.6,0.888888888888889,1.0,0.8,0.9725979143285466,0.9636068500933366,0.9817583435319023,0.9573443376844571,0.9616070641845882,0.9531192370369829,03,03_-_Flying
31,0.702877803815756,0.07190149092970444,0.062373192970521574,0.28528751405895747,0.28528751405895747,0.9090909090909091,0.9090909090909091,0.9090909090909091,0.9090909090909091,0.9090909090909091,0.9090909090909091,0.8888888888888888,0.8888888888888888,0.8888888888888888,0.8888888888888888,0.8888888888888888,0.8888888888888888,0.6659136471715147,0.7860230331288834,0.5776456660490015,0.7528670099886172,0.6781353032396882,0.8461098029361964,03,03_-_Glass_Onion
32,0.6404400380034063,0.10537647664399685,0.08290720453514666,0.20082655555555107,0.20082655555555107,0.8666666666666667,0.8666666666666667,0.8666666666666667,0.9333333333333333,0.9333333333333333,0.9333333333333333,0.8461538461538461,0.8461538461538461,0.8461538461538461,0.9230769230769231,0.9230769230769231,0.9230769230769231,0.9267984788474587,0.8836148967155173,0.9744198341403635,0.9003420271037726,0.9388298650328092,0.8648855753124527,03,03_-_I'm_Only_Sleeping
33,0.6859757062313223,0.21067793673469737,0.18826637233560461,0.21248559773242448,0.21158176723356092,0.823529411764706,0.7777777777777778,0.875,0.823529411764706,0.7777777777777778,0.875,0.7692307692307692,0.7142857142857143,0.8333333333333334,0.7692307692307692,0.7142857142857143,0.8333333333333334,0.8498847933271322,0.8501406309388065,0.8496291096504422,0.8279059898994998,0.811491110971127,0.8449986610680984,03,03_-_If_I_Fell
34,0.7130061819950511,0.09326127437641724,0.060259655102040455,0.20205887097505126,0.20205887097505126,0.9230769230769231,0.9230769230769231,0.9230769230769231,0.9230769230769231,0.9230769230769231,0.9230769230769231,0.9090909090909091,0.9090909090909091,0.9090909090909091,0.9090909090909091,0.9090909090909091,0.9090909090909091,0.9363995374884735,0.9123452102609194,0.9617566151312844,0.925341070098329,0.9321061273662073,0.9186735043726061,03,03_-_Lucy_In_The_Sky_With_Diamonds
35,0.7304367918537014,0.07019426814058857,0.06873138458049866,0.07348972312924826,0.07348972312924826,0.9285714285714286,0.9285714285714286,0.9285714285714286,0.9285714285714286,0.9285714285714286,0.9285714285714286,0.9166666666666666,0.9166666666666666,0.9166666666666666,0.9166666666666666,0.9166666666666666,0.9166666666666666,0.901462124182532,0.8268062978317211,0.9909381032007971,0.8808749356324831,0.9616513967169735,0.812617013104887,03,03_-_Maxwell's_Silver_Hammer
36,0.7213523552908906,0.06503274013605032,0.056005183673469405,0.0818656482993223,0.08010392675737421,0.8695652173913043,0.8333333333333334,0.9090909090909091,0.8695652173913043,0.8333333333333334,0.9090909090909091,0.8421052631578948,0.8,0.8888888888888888,0.8421052631578948,0.8,0.8888888888888888,0.5292930556187184,0.583315408855597,0.4844288437091904,0.6606925257953298,0.6006550617671644,0.7340647281006367,03,03_-_Mother_Nature's_Son
37,0.7540044742687495,0.07954782630385182,0.0791371451247187,0.08919311179138845,0.08437046904762013,0.8571428571428572,0.8181818181818182,0.9,0.8571428571428572,0.8181818181818182,0.9,0.823529411764706,0.7777777777777778,0.875,0.823529411764706,0.7777777777777778,0.875,0.6843407639834109,0.7545994971686365,0.6260508501834876,0.7650893039962834,0.7202092232473628,0.8159345401672783,03,03_-_You've_Got_To_Hide_Your_Love_Away
38,0.7885634964144432,0.04623461111111116,0.045592418027223136,0.05208852063489644,0.0491615658730038,0.9523809523809523,0.9090909090909091,1.0,0.9523809523809523,0.9090909090909091,1.0,0.9411764705882353,0.8888888888888888,1.0,0.9411764705882353,0.8888888888888888,1.0,0.5357418093856483,0.7930125357055959,0.40450989376433993,0.6578334407990923,0.5399090125868,0.841666299243777,03,03_-_You_Won't_See_Me
39,0.6548185243215426,0.19617508015873142,0.09972261405896887,0.36365354183673304,0.36365354183673304,0.6666666666666666,0.6666666666666666,0.6666666666666666,0.8333333333333334,0.8333333333333334,0.8333333333333334,0.6,0.6,0.6,0.8000000000000002,0.8,0.8,0.5185602175483228,0.5685918153712809,0.47662130011000536,0.6186336191433895,0.5568465815880146,0.6958436014975732,04,04_-_Blue_Jay_Way
40,0.6931034337184877,0.17213683174603034,0.17249246462584722,0.24130995260770938,0.20707902505668674,0.8571428571428572,0.8181818181818182,0.9,0.9523809523809523,0.9090909090909091,1.0,0.823529411764706,0.7777777777777778,0.875,0.9411764705882353,0.8888888888888888,1.0,0.7076020738085244,0.9807460985101616,0.5534599566091227,0.8217949635414028,0.7214738511265608,0.9545213926164434,04,04_-_Chains
41,0.7254331158416469,0.09419649240363981,0.059385484807279454,0.1502561173469381,0.12900750000000016,0.9565217391304348,0.9166666666666666,1.0,0.9565217391304348,0.9166666666666666,1.0,0.9473684210526316,0.9,1.0,0.9473684210526316,0.9,1.0,0.8088474510271887,0.8890066234308612,0.7419481211562559,0.8595853599868597,0.8330093759068802,0.887912965309157,04,04_-_Don't_Bother_Me
42,0.6548185243215425,0.1304153884353738,0.10381264195011397,0.16546247448979517,0.156684586167799,0.8695652173913043,0.8333333333333334,0.9090909090909091,0.8695652173913043,0.8333333333333334,0.9090909090909091,0.8421052631578948,0.8,0.8888888888888888,0.8421052631578948,0.8,0.8888888888888888,0.5918105694049531,0.765164891758171,0.482496962738088,0.6646679328961452,0.5707673711268223,0.7955486967997887,04,04_-_Everybody's_Got_Something_To_Hide_Except_Me_and_M
43,0.7094885930369202,0.0794288022675737,0.056014792517007805,0.08864294965988506,0.08864294965988506,0.9230769230769231,0.9230769230769231,0.9230769230769231,1.0,1.0,1.0,0.9090909090909091,0.9090909090909091,0.9090909090909091,1.0,1.0,1.0,0.7039600284627047,0.8334682514972254,0.6092862593886814,0.7660764598902116,0.6964120736291483,0.8512275461772788,04,04_-_Getting_Better
44,0.6572609968353637,0.24988550090702955,0.24210125691610074,0.26538760022675856,0.25766974489795835,0.8695652173913043,0.8333333333333334,0.9090909090909091,0.8695652173913043,0.8333333333333334,0.9090909090909091,0.8421052631578948,0.8,0.8888888888888888,0.8421052631578948,0.8,0.8888888888888888,0.6641631352525426,0.8586661719929382,0.5415031242814556,0.687592583346404,0.6062489525049377,0.7941475656655181,04,04_-_I'm_Happy_Just_To_Dance_With_You
45,0.6580987686321937,0.2715181746031732,0.24352358775510652,0.3209537875283388,0.3209537875283388,0.7777777777777778,0.7777777777777778,0.7777777777777778,0.8888888888888888,0.8888888888888888,0.8888888888888888,0.7142857142857143,0.7142857142857143,0.7142857142857143,0.8571428571428571,0.8571428571428571,0.8571428571428571,0.6814072127382347,0.9743764644952663,0.5238879512630782,0.7072329255509119,0.5684852951904951,0.9355743081287093,04,04_-_I_Me_Mine
46,0.6344525933451673,0.27184668548753166,0.2692069597505693,0.3519699176870752,0.3119083015873034,0.8571428571428572,0.8181818181818182,0.9,0.9523809523809523,0.9090909090909091,1.0,0.823529411764706,0.7777777777777778,0.875,0.9411764705882353,0.8888888888888888,1.0,0.6780965102077224,0.9287978847382865,0.5339677828367241,0.7446462600404955,0.6433755246275465,0.8837538198280754,04,04_-_I_Need_You
47,0.7250211554817727,0.04756381111111807,0.040974921655333674,0.07344392562359303,0.06922132845805606,0.8799999999999999,0.8461538461538461,0.9166666666666666,0.8799999999999999,0.8461538461538461,0.9166666666666666,0.8571428571428572,0.8181818181818182,0.9,0.8571428571428572,0.8181818181818182,0.9,0.9537091169270466,0.9886021486350594,0.9211952340126184,0.9508425991296425,0.9235425780399757,0.9798057663078689,04,04_-_Love_You_To
48,0.6966339307202356,0.13656031111111133,0.12409879160996695,0.13709715623582497,0.13682873367346815,0.8799999999999999,0.8461538461538461,0.9166666666666666,0.8799999999999999,0.8461538461538461,0.9166666666666666,0.8571428571428572,0.8181818181818182,0.9,0.8571428571428572,0.8181818181818182,0.9,0.6003876195692053,0.7535788412896509,0.4989571503691953,0.6596173925921381,0.5824066259311247,0.7604289167771522,04,04_-_Nowhere_Man
49,0.6563310175193153,0.2951837136054678,0.10429129115644287,0.30135213333333866,0.30135213333333866,0.9333333333333333,0.9333333333333333,0.9333333333333333,0.9333333333333333,0.9333333333333333,0.9333333333333333,0.9230769230769231,0.9230769230769231,0.9230769230769231,0.9230769230769231,0.9230769230769231,0.9230769230769231,0.7134806636287011,0.7294216448355603,0.6982215381333008,0.720086178318028,0.7019278549500771,0.7392089339758241,04,"04_-_Ob-La-Di,_Ob-La-Da"
50,0.721234468523309,0.10017012176871276,0.02473494603174231,0.13313327823128418,0.13313327823128418,0.9090909090909091,0.9090909090909091,0.9090909090909091,0.9090909090909091,0.9090909090909091,0.9090909090909091,0.8888888888888888,0.8888888888888888,0.8888888888888888,0.8888888888888888,0.8888888888888888,0.8888888888888888,0.7368599746360021,0.9533783660540028,0.600485772904518,0.7975508798283873,0.6965216215316206,0.9328607155503574,04,04_-_Oh!_Darling
51,0.5936920830097703,0.2019543414966023,0.22994800090702938,0.24391560181405225,0.24391560181405225,0.8461538461538461,0.8461538461538461,0.8461538461538461,0.9230769230769231,0.9230769230769231,0.9230769230769231,0.8181818181818182,0.8181818181818182,0.8181818181818182,0.9090909090909091,0.9090909090909091,0.9090909090909091,0.8173240133740608,0.9578514093953866,0.7127549751344884,0.790262802203094,0.6966993961760568,0.912854855468434,04,04_-_Rock_and_Roll_Music
52,0.6931034337184877,0.15489595260770272,0.12682092358276265,0.20525728956916112,0.18007662108843192,0.8571428571428572,0.8181818181818182,0.9,0.8571428571428572,0.8181818181818182,0.9,0.823529411764706,0.7777777777777778,0.875,0.823529411764706,0.7777777777777778,0.875,0.5137464616967383,0.6129482710468881,0.44218208229072875,0.6259328547031919,0.5761573951779277,0.6851219973476509,05,05_-_And_I_Love_Her
53,0.6430614827146929,0.408801931519271,0.3883464317460321,0.4135777176870725,0.4135777176870725,0.8181818181818182,0.8181818181818182,0.8181818181818182,0.9090909090909091,0.9090909090909091,0.9090909090909091,0.7777777777777778,0.7777777777777778,0.7777777777777778,0.8888888888888888,0.8888888888888888,0.8888888888888888,0.536583468017125,0.7962655581696327,0.40462511123932837,0.5992556451253203,0.479630889540702,0.7983795025248277,05,05_-_Another_Girl
54,0.6931034337184877,0.13375772517007078,0.1371186866213172,0.15292904353742642,0.14670434580499503,0.8571428571428572,0.8181818181818182,0.9,0.8571428571428572,0.8181818181818182,0.9,0.823529411764706,0.7777777777777778,0.875,0.823529411764706,0.7777777777777778,0.875,0.6077220698734642,0.5202214566929134,0.7306097341829894,0.6891549770801373,0.763590364084826,0.6279426368167556,05,05_-_Boys
55,0.717541633919582,0.10620097380952132,0.041730764172335455,0.7229730943310644,0.7229730943310644,0.6666666666666666,0.6666666666666666,0.6666666666666666,1.0,1.0,1.0,0.5,0.5,0.5,1.0,1.0,1.0,0.4646998522226512,0.982271000422119,0.304339486097427,0.23448327709728353,0.13479530135208984,0.9003033826121265,05,05_-_Dig_It
56,0.733324597763712,0.1267588620181428,0.02136352811791653,0.2646928616780073,0.23215419591836906,0.6956521739130435,0.6666666666666666,0.7272727272727273,0.9565217391304348,0.9166666666666666,1.0,0.631578947368421,0.6,0.6666666666666666,0.9473684210526316,0.9,1.0,0.5911554977291935,0.7116354198521168,0.5055635554391936,0.7069006472048014,0.6359712119808998,0.7956375614085991,05,05_-_Fixing_A_Hole
57,0.6680141898792719,0.19461012414966206,0.19461012414966206,0.27674522403628127,0.25446341848072507,0.9090909090909091,0.8333333333333334,1.0,0.9090909090909091,0.8333333333333334,1.0,0.888888888888889,0.8,1.0,0.888888888888889,0.8,1.0,0.5084738467770519,0.647809047657447,0.4184670840843031,0.6568710615768446,0.5642454296036401,0.7858798468508292,05,"05_-_Here,_There_And_Everywhere"
58,0.7025732120249655,0.18088235691610066,0.19714696984127045,0.2337729274376419,0.22359225510204106,0.8571428571428572,0.8181818181818182,0.9,0.8571428571428572,0.8181818181818182,0.9,0.823529411764706,0.7777777777777778,0.875,0.823529411764706,0.7777777777777778,0.875,0.5405091461135486,0.7663470632358217,0.41748021283966846,0.6250396312814887,0.524480735225672,0.773305866953337,05,05_-_I'll_Follow_the_Sun
59,0.666159227725619,0.20260700544217514,0.20260700544217514,0.21741120566893812,0.20546571473921915,0.9166666666666666,0.8461538461538461,1.0,0.9166666666666666,0.8461538461538461,1.0,0.9,0.8181818181818182,1.0,0.9,0.8181818181818182,1.0,0.49880599601421016,0.6242485230713176,0.4153429686237388,0.6499018287693513,0.5923465937295326,0.7198454654789539,05,05_-_Little_Child
60,0.7138526438304511,0.10428476598639236,0.08043162902494316,0.15796758458048998,0.15796758458048998,0.7777777777777778,0.7777777777777778,0.7777777777777778,0.8888888888888888,0.8888888888888888,0.8888888888888888,0.7142857142857143,0.7142857142857143,0.7142857142857143,0.8571428571428571,0.8571428571428571,0.8571428571428571,0.7232364858731903,0.9914811159419057,0.5692312952833841,0.8056967373199974,0.6887025830372832,0.9705741532371257,05,05_-_Octopus's_Garden
61,0.6572609968353637,0.1598460868480771,0.11036025215419443,0.2652442126984056,0.2652442126984056,0.9090909090909091,0.9090909090909091,0.9090909090909091,0.9090909090909091,0.9090909090909091,0.9090909090909091,0.8888888888888888,0.8888888888888888,0.8888888888888888,0.8888888888888888,0.8888888888888888,0.8888888888888888,0.8297713048969046,0.9495855370943285,0.7368047505263905,0.8477557323683466,0.7845630668776192,0.9220198611853914,05,05_-_Sexy_Sadie
62,0.7960477073617516,0.04421280408163186,0.04384527142856953,0.049914954308390325,0.04458033673469419,0.9565217391304348,0.9166666666666666,1.0,0.9565217391304348,0.9166666666666666,1.0,0.9473684210526316,0.9,1.0,0.9473684210526316,0.9,1.0,0.9282042506909073,0.8739323690262323,0.9896631010696791,0.8885373206660045,0.9429413067545847,0.8400686785822853,05,05_-_Think_For_Yourself
63,0.7526517613830305,0.03901019750566803,0.03301042018140521,0.04484611519275461,0.04484611519275461,0.9090909090909091,0.9090909090909091,0.9090909090909091,0.9090909090909091,0.9090909090909091,0.9090909090909091,0.8888888888888888,0.8888888888888888,0.8888888888888888,0.8888888888888888,0.8888888888888888,0.8888888888888888,0.4892592750833426,0.5652317757109087,0.43128983857931885,0.6048726100067559,0.5280773031294146,0.7078046527049998,05,05_-_Your_Mother_Should_Know
64,0.7626563194149106,0.04693575827664631,0.03875341836734947,0.06690160612242835,0.06690160612242835,0.8461538461538461,0.8461538461538461,0.8461538461538461,1.0,1.0,1.0,0.8181818181818182,0.8181818181818182,0.8181818181818182,1.0,1.0,1.0,0.7100769387952268,0.9922605094826082,0.5528538411562344,0.7637605557499969,0.6308126053717209,0.9677123716668591,06,06_-The_Continuing_Story_of_Bungalow_Bill
65,0.641802303044261,0.15521242392290224,0.11522211564625806,0.21578217426303992,0.19520273219954642,0.8695652173913043,0.8333333333333334,0.9090909090909091,0.8695652173913043,0.8333333333333334,0.9090909090909091,0.8421052631578948,0.8,0.8888888888888888,0.8421052631578948,0.8,0.8888888888888888,0.6290963662800875,0.6442516372675559,0.6146377280874178,0.7370831002926146,0.728217742559681,0.7461669728157698,06,06_-_Ask_Me_Why
66,0.7735649914773818,0.06323485907029536,0.06274147482993087,0.06736208707484082,0.06736208707484082,0.875,0.875,0.875,0.9375,0.9375,0.9375,0.8571428571428571,0.8571428571428571,0.8571428571428571,0.9285714285714286,0.9285714285714286,0.9285714285714286,0.5897588111448906,0.5028282057371792,0.7130297568217681,0.6968076665119541,0.7467231742539329,0.6531473356009501,06,06_-_I_Am_The_Walrus
67,0.6984260650331127,0.10973797188208323,0.1010298836734762,0.37671577278914015,0.37671577278914015,0.8181818181818182,0.8181818181818182,0.8181818181818182,0.9090909090909091,0.9090909090909091,0.9090909090909091,0.7777777777777778,0.7777777777777778,0.7777777777777778,0.8888888888888888,0.8888888888888888,0.8888888888888888,0.7517307879239311,0.7915966121889095,0.7156878277467262,0.792330880710949,0.7604420676520652,0.8270112437132128,06,06_-_I_Want_You
68,0.7326833797860605,0.10895384217687365,0.09335800022675755,0.10941903061224423,0.10941903061224423,0.9411764705882353,0.9411764705882353,0.9411764705882353,0.9411764705882353,0.9411764705882353,0.9411764705882353,0.9333333333333333,0.9333333333333333,0.9333333333333333,0.9333333333333333,0.9333333333333333,0.9333333333333333,0.6024285716274129,0.726387655808661,0.5146096966771337,0.7470719906068443,0.6797555460433713,0.8291866533040619,06,06_-_Let_It_Be
69,0.6550228972107824,0.167614938435376,0.22252211519274745,0.3235938106575986,0.3235938106575986,0.75,0.75,0.75,0.875,0.875,0.875,0.6666666666666666,0.6666666666666666,0.6666666666666666,0.8333333333333334,0.8333333333333334,0.8333333333333334,0.679715959599157,0.6352142188039245,0.7309228403991581,0.7837788272109735,0.8047967351840244,0.7638307778538338,06,06_-_Mr._Moonlight
70,0.6781742012123404,0.37129829183673024,0.3513449954648564,0.386073971882098,0.386073971882098,0.8461538461538461,0.8461538461538461,0.8461538461538461,0.9230769230769231,0.9230769230769231,0.9230769230769231,0.8181818181818182,0.8181818181818182,0.8181818181818182,0.9090909090909091,0.9090909090909091,0.9090909090909091,0.8965599000920803,0.973271434447905,0.8310574227934941,0.858474472601668,0.7937362300993713,0.9347107990866123,06,06_-_She's_Leaving_Home
71,0.6572609968353637,0.18885430056689279,0.20391868321995332,0.23132328809523983,0.22065057210883765,0.8695652173913043,0.8333333333333334,0.9090909090909091,0.9565217391304348,0.9166666666666666,1.0,0.8421052631578948,0.8,0.8888888888888888,0.9473684210526316,0.9,1.0,0.7118368446627632,0.7678447246873216,0.6634441195989453,0.7534630475288329,0.750683991175463,0.7562627566519748,06,06_-_Tell_Me_Why
72,0.6836697159995357,0.08387065657595932,0.05466561882086146,0.10594250328798438,0.10594250328798438,0.9285714285714286,0.9285714285714286,0.9285714285714286,0.9285714285714286,0.9285714285714286,0.9285714285714286,0.9166666666666666,0.9166666666666666,0.9166666666666666,0.9166666666666666,0.9166666666666666,0.9166666666666666,0.5628724029054328,0.8518138690428712,0.4203026753502319,0.7105145077267462,0.6032115301900579,0.8642531796132639,06,06_-_The_Word
73,0.6344525933451673,0.1777004238095259,0.1777004238095259,0.17894108979591827,0.17894108979591827,0.8181818181818182,0.8181818181818182,0.8181818181818182,0.9090909090909091,0.9090909090909091,0.9090909090909091,0.7777777777777778,0.7777777777777778,0.7777777777777778,0.8888888888888888,0.8888888888888888,0.8888888888888888,0.5870075410602147,0.6721533493072195,0.521008218293135,0.7079344554680059,0.663034778651117,0.7593569166156309,06,06_-_Till_There_Was_You
74,0.8443625725331702,0.05755536371881931,0.04925089501134039,0.060501123809522994,0.060501123809522994,0.9090909090909091,0.9090909090909091,0.9090909090909091,0.9090909090909091,0.9090909090909091,0.9090909090909091,0.8888888888888888,0.8888888888888888,0.8888888888888888,0.8888888888888888,0.8888888888888888,0.8888888888888888,0.8257582233660122,0.995919419385471,0.7052588298810514,0.834806133158436,0.7256263109597896,0.9826599807352911,06,06_-_Yellow_Submarine
75,0.6658698862048891,0.15483121768707253,0.11533136893423546,0.21145125124716468,0.22857143605441976,0.8571428571428572,0.9,0.8181818181818182,0.9523809523809523,1.0,0.9090909090909091,0.823529411764706,0.875,0.7777777777777778,0.9411764705882353,1.0,0.8888888888888888,0.545355476558818,0.7274239910261504,0.4361824367877942,0.713218469843712,0.6256831051088605,0.8292309218332204,06,06_-_You're_Going_to_Lose_That_Girl
76,0.6550228972107824,0.28670620283446624,0.28670620283446624,0.4420435170068017,0.3782881231292521,0.888888888888889,0.8,1.0,0.888888888888889,0.8,1.0,0.8571428571428571,0.75,1.0,0.8571428571428571,0.75,1.0,0.7412062985913641,0.8902494398215326,0.6349111926166323,0.7082822352467114,0.6042641311884802,0.8555581180181028,07,07_-_Being_For_The_Benefit_Of_Mr._Kite!
77,0.641802303044261,0.16138230521541563,0.18344488253967484,0.3027712747165481,0.2902767673469384,0.8695652173913043,0.8333333333333334,0.9090909090909091,0.8695652173913043,0.8333333333333334,0.9090909090909091,0.8421052631578948,0.8,0.8888888888888888,0.8421052631578948,0.8,0.8888888888888888,0.8047542356310945,0.6869460852015881,0.9713335519228067,0.7425992635482642,0.8925082258841535,0.6358068139532975,07,07_-_Can't_Buy_Me_Love
78,0.8024952863288112,0.05196711111110197,0.048741989795900054,0.0582440092970522,0.05658324671201598,0.888888888888889,0.8571428571428571,0.9230769230769231,0.888888888888889,0.8571428571428571,0.9230769230769231,0.8695652173913043,0.8333333333333334,0.9090909090909091,0.8695652173913043,0.8333333333333334,0.9090909090909091,0.7288195310887293,0.6806344821606087,0.7843468237384975,0.7922326055895854,0.814787774672705,0.7708925554876713,07,07_-_Hello_Goodbye
79,0.7083547318178883,0.07912069591837678,0.0696210801587398,0.08791568968254637,0.08791568968254637,0.9285714285714286,0.9285714285714286,0.9285714285714286,0.9285714285714286,0.9285714285714286,0.9285714285714286,0.9166666666666666,0.9166666666666666,0.9166666666666666,0.9166666666666666,0.9166666666666666,0.9166666666666666,0.6160743993099457,0.7874711525807808,0.5059516689832668,0.7249226476678916,0.6395792394747561,0.8365490816451151,07,07_-_Here_Comes_The_Sun
80,0.7181926775577034,0.16764205328797743,0.17649204761903547,0.27199081451247054,0.2184537839002303,0.9473684210526316,0.9,1.0,0.9473684210526316,0.9,1.0,0.9333333333333333,0.875,1.0,0.9333333333333333,0.875,1.0,0.8602373869113434,0.9213757606159081,0.8067078619931104,0.8952621054352781,0.8702225321128217,0.9217853343985628,07,"07_-_Kansas_City-_Hey,_Hey,_Hey,_Hey"
81,0.7045254126423005,0.0900295295918383,0.069780543650797,0.10960243458049135,0.10960243458049135,0.9166666666666666,0.9166666666666666,0.9166666666666666,1.0,1.0,1.0,0.9,0.9,0.9,1.0,1.0,1.0,0.7539496172508857,0.7022858857715871,0.8138182373364397,0.8578026103772014,0.8658549575716333,0.8498986548828641,07,07_-_Long_Long_Long
82,0.717541633919582,0.14965308106575909,0.08089977993197373,0.24348529977324268,0.24348529977324268,0.8333333333333334,0.8333333333333334,0.8333333333333334,0.8333333333333334,0.8333333333333334,0.8333333333333334,0.75,0.75,0.75,0.75,0.75,0.75,0.9212445167475234,0.9837448814989452,0.8662114176454521,0.8632220063387654,0.8023459094034753,0.9340941924357674,07,07_-_Maggie_Mae
83,0.666159227725619,0.11295951995464826,0.103322174376415,0.35292465668933914,0.2329420883219937,0.8799999999999999,0.8461538461538461,0.9166666666666666,0.8799999999999999,0.8461538461538461,0.9166666666666666,0.8571428571428572,0.8181818181818182,0.9,0.8571428571428572,0.8181818181818182,0.9,0.9221675544531641,0.8978789782355083,0.9478067291511105,0.8862081054129212,0.9111558621946058,0.8625900957998649,07,07_-_Michelle
84,0.6395753645366238,0.2280002687074898,0.17387518503401367,0.2816902959183807,0.2280002687074898,0.9166666666666666,0.8461538461538461,1.0,0.9166666666666666,0.8461538461538461,1.0,0.9,0.8181818181818182,1.0,0.9,0.8181818181818182,1.0,0.6001805491828658,0.5112568597730516,0.726550610761137,0.7412287482075622,0.8132936276199485,0.6808954934499829,07,07_-_Please_Mister_Postman
85,0.6859757062313223,0.12420933628117936,0.14547958820861773,0.18863416961450952,0.1776920048752828,0.823529411764706,0.7777777777777778,0.875,0.823529411764706,0.7777777777777778,0.875,0.7692307692307692,0.7142857142857143,0.8333333333333334,0.7692307692307692,0.7142857142857143,0.8333333333333334,0.7222812216005041,0.9760363242836305,0.5732457497844494,0.8106971146355744,0.7104225196850764,0.943930911723359,07,07_-_Please_Please_Me
86,0.7440428720135052,0.05008199297052157,0.02832566848071849,0.05117521995464713,0.05117521995464713,0.8181818181818182,0.8181818181818182,0.8181818181818182,0.9090909090909091,0.9090909090909091,0.9090909090909091,0.7777777777777778,0.7777777777777778,0.7777777777777778,0.8888888888888888,0.8888888888888888,0.8888888888888888,0.7268362637169783,0.9889780379474794,0.5745453752734883,0.8235695824463185,0.7128085138171434,0.9750849617928047,07,07_-_She_Said_She_Said
87,0.7338121430904414,0.06911547256235906,0.0653349904761904,0.07206379297052157,0.07058963276644031,0.9523809523809523,0.9090909090909091,1.0,0.9523809523809523,0.9090909090909091,1.0,0.9411764705882353,0.8888888888888888,1.0,0.9411764705882353,0.8888888888888888,1.0,0.7424000975757206,0.8784293178933961,0.6428513209297306,0.7884628738509968,0.7059934077972903,0.8927477422520936,07,07_-_Ticket_To_Ride
88,0.7896596789938976,0.0839876299319684,0.055267221315190795,0.09234785351475239,0.09234785351475239,0.9090909090909091,0.9090909090909091,0.9090909090909091,0.9090909090909091,0.9090909090909091,0.9090909090909091,0.8888888888888888,0.8888888888888888,0.8888888888888888,0.8888888888888888,0.8888888888888888,0.8888888888888888,0.703959973470385,0.7939334779199587,0.6323033997938574,0.7825463950500555,0.7343142476424376,0.8375600633361628,07,07_-_While_My_Guitar_Gently_Weeps
89,0.7130061819950511,0.06577629569162013,0.05826160725624163,0.07049443877551198,0.06577629569162013,0.9166666666666666,0.8461538461538461,1.0,0.9166666666666666,0.8461538461538461,1.0,0.9,0.8181818181818182,1.0,0.9,0.8181818181818182,1.0,0.7882130435561516,0.9068915560476319,0.6970013804965262,0.8238134657115929,0.7690488344312382,0.8869757763079489,08,08_-_Act_Naturally
90,0.6580987686321937,0.14346346564625634,0.15086684331065214,0.19871539467120236,0.17431995850340343,0.8421052631578948,0.8,0.8888888888888888,0.9473684210526316,0.9,1.0,0.7999999999999999,0.75,0.8571428571428571,0.9333333333333333,0.875,1.0,0.9680529296582715,0.9736699285992911,0.9625003667394557,0.9396346909897417,0.9343356127527389,0.9449942194439721,08,08_-_Any_Time_At_All
91,0.6864223188060561,0.053520417006801324,0.028384206462586548,0.07439909297052155,0.06395975498866144,0.8799999999999999,0.8461538461538461,0.9166666666666666,0.8799999999999999,0.8461538461538461,0.9166666666666666,0.8571428571428572,0.8181818181818182,0.9,0.8571428571428572,0.8181818181818182,0.9,0.9032157837501943,0.8699512204854011,0.9391253782453722,0.8950150519990051,0.9169079289107691,0.8741432608308854,08,08_-_Because
92,0.6680141898792719,0.24955596099773913,0.2318413882086201,0.25504705102040504,0.2523015060090721,0.8571428571428572,0.8181818181818182,0.9,0.8571428571428572,0.8181818181818182,0.9,0.823529411764706,0.7777777777777778,0.875,0.823529411764706,0.7777777777777778,0.875,0.7052872906288765,0.807360839335526,0.626126905274228,0.7599860846661253,0.7259300558617088,0.7973947847736118,08,08_-_Eight_Days_a_Week
93,0.7626563194149106,0.04384587857142613,0.04332379297052158,0.04447170090702812,0.04457543764172556,0.9600000000000001,1.0,0.9230769230769231,0.9600000000000001,1.0,0.9230769230769231,0.9523809523809523,1.0,0.9090909090909091,0.9523809523809523,1.0,0.9090909090909091,0.6623186341741306,0.8432625240943505,0.5453085194216084,0.7372135400590422,0.6387407015726498,0.8715830164249265,08,08_-_Good_Day_Sunshine
94,0.683617709442954,0.09598102040816156,0.08566248344671124,0.12275189591836266,0.10112303854874938,0.8695652173913043,0.8333333333333334,0.9090909090909091,0.8695652173913043,0.8333333333333334,0.9090909090909091,0.8421052631578948,0.8,0.8888888888888888,0.8421052631578948,0.8,0.8888888888888888,0.48131894402513575,0.4759851760827292,0.48677360433064326,0.6337846241539801,0.6169930517184781,0.6515157374423087,08,08_-_I've_Got_A_Feeling
95,0.7243746197265376,0.11147644183673755,0.11439170544217703,0.12551974172335534,0.12429355260771047,0.8421052631578948,0.8,0.8888888888888888,0.9473684210526316,0.9,1.0,0.7999999999999999,0.75,0.8571428571428571,0.9333333333333333,0.875,1.0,0.6178657202735158,0.7416748533286814,0.5294788519142409,0.7445865989866121,0.6790066152979028,0.8241885831526379,08,08_-_Love_Me_Do
96,0.6800694003255598,0.2613320832199548,0.07792406507935823,0.27211112721087716,0.27211112721087716,0.9090909090909091,0.9090909090909091,0.9090909090909091,0.9090909090909091,0.9090909090909091,0.9090909090909091,0.8888888888888888,0.8888888888888888,0.8888888888888888,0.8888888888888888,0.8888888888888888,0.8888888888888888,0.6068349407962869,0.8724163909725179,0.46521419445849194,0.7232011444391085,0.612669206670146,0.8823943149968526,08,08_-_Revolution_1
97,0.5825376216547817,0.23092972358276498,0.23092575294784545,0.23660651179139336,0.23376811768707917,0.9090909090909091,0.8823529411764706,0.9375,0.9090909090909091,0.8823529411764706,0.9375,0.896551724137931,0.8666666666666667,0.9285714285714286,0.896551724137931,0.8666666666666667,0.9285714285714286,0.4155783869302222,0.3207879232552414,0.5898850718972998,0.5757453124432809,0.6881678317531492,0.49489655075163996,08,08_-_Roll_Over_Beethoven
98,0.7542323009630584,0.08772768560091038,0.07054689081632404,0.10440717539682964,0.10440717539682964,0.9166666666666666,0.9166666666666666,0.9166666666666666,0.9166666666666666,0.9166666666666666,0.9166666666666666,0.9,0.9,0.9,0.9,0.9,0.9,0.7606307787601992,0.9620868189589966,0.6289350156550291,0.7979143084835191,0.6961860485646226,0.9344596372129779,08,08_-_Strawberry_Fields_Forever
99,0.6515903380233453,0.08847128458049269,0.06774238004534539,0.08847128458049269,0.06774238004534539,0.8333333333333333,0.7692307692307693,0.9090909090909091,0.8333333333333333,0.7692307692307693,0.9090909090909091,0.9,0.8181818181818182,1.0,0.9,0.8181818181818182,1.0,0.8008203113007705,0.932709360733206,0.7016097276524141,0.837812576012367,0.776178697180377,0.9100790559698033,08,08_-_What_Goes_On
100,0.7342950966754775,0.1449260666666703,0.03809927414965841,0.30497227482993594,0.30497227482993594,0.8181818181818182,0.8181818181818182,0.8181818181818182,0.9090909090909091,0.9090909090909091,0.9090909090909091,0.7777777777777778,0.7777777777777778,0.7777777777777778,0.8888888888888888,0.8888888888888888,0.8888888888888888,0.749881000973343,0.6360218585443971,0.9133947966915852,0.805512221134116,0.8704885421184466,0.7495622622402981,08,08_-_Within_You_Without_You
101,0.7506413459281892,0.04361776258503269,0.039809127437641506,0.06801835396825595,0.05581805827664432,0.8799999999999999,0.8461538461538461,0.9166666666666666,0.8799999999999999,0.8461538461538461,0.9166666666666666,0.8571428571428572,0.8181818181818182,0.9,0.8571428571428572,0.8181818181818182,0.9,0.9508132033592503,0.9271556372362886,0.9757096884190785,0.9332029595402177,0.9463617297505142,0.9204051055030606,09,09_-_And_Your_Bird_Can_Sing
102,0.6627100062436075,0.14298240929705486,0.11645911292517397,0.18192211632653255,0.1624522628117937,0.8,0.7692307692307693,0.8333333333333334,0.9600000000000001,0.9230769230769231,1.0,0.761904761904762,0.7272727272727273,0.8,0.9523809523809523,0.9090909090909091,1.0,0.8315440584188354,0.8428576208800401,0.8205301939527399,0.8397645065074771,0.8356285378296415,0.8439416210416648,09,09_-_Girl
103,0.6430614827146929,0.12730989410430027,0.1432755921768667,0.27333877551019725,0.21629003287981519,0.8571428571428572,0.8181818181818182,0.9,0.8571428571428572,0.8181818181818182,0.9,0.823529411764706,0.7777777777777778,0.875,0.823529411764706,0.7777777777777778,0.875,0.9593813644442033,0.9294808018749391,0.9912696177227444,0.9181919933827816,0.9594090447817317,0.8803705066857875,09,09_-_Hold_Me_Tight
104,0.6734436725767557,0.10540687619047162,0.06682218095238568,0.11736344852607772,0.11736344852607772,0.9230769230769231,0.9230769230769231,0.9230769230769231,1.0,1.0,1.0,0.9090909090909091,0.9090909090909091,0.9090909090909091,1.0,1.0,1.0,0.7526647691681582,0.7351717778414685,0.7710105229041752,0.8112815807470912,0.8146173038299417,0.8079730647241069,09,09_-_Honey_Pie
105,0.6580987686321937,0.196480926077097,0.2015953324263009,0.2587122800453503,0.22626115782312928,0.8421052631578948,0.8,0.8888888888888888,0.8421052631578948,0.8,0.8888888888888888,0.7999999999999999,0.75,0.8571428571428571,0.7999999999999999,0.75,0.8571428571428571,0.643981362442829,0.9742844681252357,0.4809343978027861,0.7029208514700606,0.5682772887433065,0.9211782472364587,09,09_-_I'll_Cry_Instead
106,0.7177460068088221,0.05273886643990977,0.04961741984127244,0.07464200226757373,0.06369043435374175,0.9411764705882353,0.8888888888888888,1.0,0.9411764705882353,0.8888888888888888,1.0,0.923076923076923,0.8571428571428571,1.0,0.923076923076923,0.8571428571428571,1.0,0.9488126649076516,0.9797494850953714,0.9197697792440754,0.9235117365369179,0.8872334370683147,0.9628833013356914,09,09_-_It's_Only_Love
107,0.7432819213969193,0.07387919546485222,0.0629112048752809,0.09598834421768843,0.09598834421768843,0.8000000000000002,0.8,0.8,0.9,0.9,0.9,0.75,0.75,0.75,0.875,0.875,0.875,0.8509133833220593,0.7535825079931846,0.9771151941907801,0.9071938373326551,0.968433831280033,0.8532383576980433,09,09_-_Martha_My_Dear
108,0.6966339307202355,0.13907426167800452,0.13462748083900206,0.14279775351474022,0.14279775351474022,0.9166666666666666,0.9166666666666666,0.9166666666666666,0.9166666666666666,0.9166666666666666,0.9166666666666666,0.9,0.9,0.9,0.9,0.9,0.9,0.5618018029755719,0.6191968025273437,0.514144391031055,0.6668391332336495,0.6272769604096403,0.7117275818350184,09,09_-_One_After_909
109,0.7540044742687495,0.1284514151927425,0.13087527437642166,0.13887205646258494,0.13608559501134287,0.8571428571428572,0.8181818181818182,0.9,0.9523809523809523,0.9090909090909091,1.0,0.823529411764706,0.7777777777777778,0.875,0.9411764705882353,0.8888888888888888,1.0,0.7888676538119291,0.9416206479316588,0.6787572751864906,0.8204773284205118,0.7578758514978982,0.8943518942306208,09,09_-_P._S._I_Love_You
110,0.8374545918530631,0.05562267324262393,0.05110674058956732,0.05578229569159987,0.05578229569159987,0.9230769230769231,0.9230769230769231,0.9230769230769231,0.9230769230769231,0.9230769230769231,0.9230769230769231,0.9090909090909091,0.9090909090909091,0.9090909090909091,0.9090909090909091,0.9090909090909091,0.9090909090909091,0.7089689695337973,0.7995282000468164,0.6368370843568472,0.7824504003275926,0.7231268812118328,0.8523773002673518,09,09_-_Penny_Lane
111,0.8297971226946873,0.027153955555540676,0.022990818367340182,0.03185955158728859,0.03185955158728859,0.9,0.9,0.9,1.0,1.0,1.0,0.875,0.875,0.875,1.0,1.0,1.0,0.696959310866456,0.6885352200220233,0.7055920890959669,0.7401792233986925,0.7373039638610246,0.7430769959927271,09,09_-_When_I'm_Sixty-Four
112,0.6344525933451673,0.2793697956916077,0.26416142154194944,0.29106449229025344,0.28521714399093057,0.8571428571428572,0.8181818181818182,0.9,0.9523809523809523,0.9090909090909091,1.0,0.823529411764706,0.7777777777777778,0.875,0.9411764705882353,0.8888888888888888,1.0,0.7175705116265443,0.8523147595752297,0.619614362903663,0.7650145901845414,0.7030663463321267,0.8389343722030295,09,09_-_Words_of_Love
113,0.7195114929127011,0.11357882607709957,0.11709351632653409,0.18179317585034127,0.24649283537414846,0.923076923076923,1.0,0.8571428571428571,0.923076923076923,1.0,0.8571428571428571,0.888888888888889,1.0,0.8,0.888888888888889,1.0,0.8,0.7010123176314452,0.8394700614717788,0.6017610402096365,0.7659524684586521,0.7021734391665015,0.8424752327037751,10,10_-_Baby_It's_You
114,0.8292722057863969,0.06958196972788855,0.055708164172330044,0.07415485952381928,0.07415485952381928,0.9,0.9,0.9,0.9,0.9,0.9,0.875,0.875,0.875,0.875,0.875,0.875,0.6782608889101469,0.8808156331615319,0.5514483382319693,0.7648778536777697,0.6671578445961919,0.8961369062838224,10,10_-_Baby_You're_A_Rich_Man
115,0.7130061819950511,0.03157231020408169,0.025698575056686934,0.1022889022675737,0.0669306062358277,0.8799999999999999,0.8461538461538461,0.9166666666666666,0.8799999999999999,0.8461538461538461,0.9166666666666666,0.8571428571428572,0.8181818181818182,0.9,0.8571428571428572,0.8181818181818182,0.9,0.6532261605034655,0.792134623397065,0.5557670383494815,0.6713785758610169,0.5718607012124627,0.8128312775783394,10,10_-_For_No_One
116,0.6434353053533273,0.1631847011337868,0.16923751904762696,0.18597365725624115,0.18597365725624115,0.9285714285714286,0.9285714285714286,0.9285714285714286,0.9285714285714286,0.9285714285714286,0.9285714285714286,0.9166666666666666,0.9166666666666666,0.9166666666666666,0.9166666666666666,0.9166666666666666,0.9166666666666666,0.6543808713500049,0.6899401960582832,0.6223073258531938,0.7535152410714299,0.7224173375408295,0.7874109239104714,10,10_-_Honey_Don't
117,0.6680141898792719,0.3936622240362837,0.3847606286848162,0.400933780725623,0.39729800238095336,0.9523809523809523,0.9090909090909091,1.0,0.9523809523809523,0.9090909090909091,1.0,0.9411764705882353,0.8888888888888888,1.0,0.9411764705882353,0.8888888888888888,1.0,0.6354815700819718,0.8265367290664017,0.516168480198514,0.6509569044783059,0.5546424407042712,0.7877510090292853,10,10_-_I'm_Looking_Through_You
118,0.6964976821274089,0.06539956893423948,0.04499083900226708,0.17037379251701168,0.17037379251701168,0.7777777777777778,0.7777777777777778,0.7777777777777778,0.8888888888888888,0.8888888888888888,0.8888888888888888,0.7142857142857143,0.7142857142857143,0.7142857142857143,0.8571428571428571,0.8571428571428571,0.8571428571428571,0.776831949398907,0.9933900220809507,0.6377935637955847,0.8159296037930697,0.702239695370294,0.9735423733359422,10,10_-_I'm_So_Tired
119,0.8625366282471295,0.015093894331073443,0.015093894331073443,0.016442973242632775,0.016442973242632775,0.9090909090909091,0.9090909090909091,0.9090909090909091,0.9090909090909091,0.9090909090909091,0.9090909090909091,0.8888888888888888,0.8888888888888888,0.8888888888888888,0.8888888888888888,0.8888888888888888,0.8888888888888888,0.7069448020564685,0.6555595132319038,0.7670707746140212,0.8472702728169591,0.866430784266863,0.8289388688815429,10,10_-_Lovely_Rita
120,0.6295799538533113,0.08896213163265898,0.07100104399093965,0.09826625340135772,0.09826625340135772,0.875,0.875,0.875,0.9375,0.9375,0.9375,0.8571428571428571,0.8571428571428571,0.8571428571428571,0.9285714285714286,0.9285714285714286,0.9285714285714286,0.6933441924241673,0.5505509794387664,0.9361472806452669,0.774615700838535,0.8964624777161916,0.6819283113837002,10,10_-_Savoy_Truffle
121,0.6859757062313223,0.1293142707482957,0.09658582471655563,0.13490901133786792,0.13490901133786792,0.8888888888888888,0.8888888888888888,0.8888888888888888,1.0,1.0,1.0,0.8571428571428571,0.8571428571428571,0.8571428571428571,1.0,1.0,1.0,0.6330922872949227,0.4729001177407546,0.9574090423307468,0.7373952810394865,0.9400015226268613,0.606640973975576,10,10_-_Sun_King
122,0.7540044742687495,0.08321037789116303,0.07173089761904805,0.09304548798186119,0.09304548798186119,0.9,0.9,0.9,0.9,0.9,0.9,0.875,0.875,0.875,0.875,0.875,0.875,0.7426195990390754,0.6191220555644112,0.9276622956377029,0.7443961686749514,0.8706941075245771,0.6500968188124174,10,10_-_The_Long_and_Winding_Road
123,0.6658698862048891,0.16277287278911956,0.1375852585034032,0.2142396054421738,0.18850623911564668,0.8571428571428572,0.8181818181818182,0.9,0.9523809523809523,0.9090909090909091,1.0,0.823529411764706,0.7777777777777778,0.875,0.9411764705882353,0.8888888888888888,1.0,0.5688302169555791,0.9527369240423423,0.4054525369239952,0.6818325172515127,0.5439225441449662,0.9134300362072179,10,10_-_Things_We_Said_Today
124,0.666159227725619,0.18575963718820862,0.07304557879818979,0.23700614648527107,0.23225154863946074,0.8799999999999999,0.8461538461538461,0.9166666666666666,0.8799999999999999,0.8461538461538461,0.9166666666666666,0.8571428571428572,0.8181818181818182,0.9,0.8571428571428572,0.8181818181818182,0.9,0.7433241555233882,0.8628885846734156,0.6528616834478007,0.7812867412962078,0.7337511753414767,0.835408080001448,10,10_-_You_Like_Me_Too_Much
125,0.6041370104958403,0.1786407612245,0.17656742947846737,0.183024020408169,0.18071409297053265,0.8387096774193549,0.8125,0.8666666666666667,0.9032258064516129,0.875,0.9333333333333333,0.8148148148148148,0.7857142857142857,0.8461538461538461,0.888888888888889,0.8571428571428571,0.9230769230769231,0.5711709820973303,0.6881412550703889,0.4881886580799685,0.6854158964535688,0.633410406980777,0.7467249568245806,10,10_-_You_Really_Got_A_Hold_On_Me
126,0.7410736546220414,0.074831319387755,0.0665754557823135,0.074831319387755,0.0665754557823135,0.888888888888889,0.8571428571428571,0.9230769230769231,0.962962962962963,0.9285714285714286,1.0,0.8695652173913043,0.8333333333333334,0.9090909090909091,0.9565217391304348,0.9166666666666666,1.0,0.6953291024888937,0.8030227527654754,0.6131053400306365,0.76371857431194,0.696512120578227,0.845279602178473,11,11_-_All_You_Need_Is_Love
127,0.7395900451840464,0.06032593900226768,0.057149414512466024,0.06554898616779781,0.06554898616779781,0.9230769230769231,0.9230769230769231,0.9230769230769231,0.9230769230769231,0.9230769230769231,0.9230769230769231,0.9090909090909091,0.9090909090909091,0.9090909090909091,0.9090909090909091,0.9090909090909091,0.9090909090909091,0.6786335906046169,0.6800414014842873,0.6772315965383991,0.8012241214351694,0.8148488209985717,0.788047553124211,11,11_-_Black_Bird
128,0.6102523213250569,0.17680139070294842,0.15394513095238693,0.25064121179138965,0.24786061020408567,0.896551724137931,0.8666666666666667,0.9285714285714286,0.896551724137931,0.8666666666666667,0.9285714285714286,0.8799999999999999,0.8461538461538461,0.9166666666666666,0.8799999999999999,0.8461538461538461,0.9166666666666666,0.7036680811716725,0.8736552940030853,0.589055486251974,0.7124793138821286,0.6148131696213366,0.8470350669659421,11,11_-_Cry_Baby_Cry
129,0.6859757062313223,0.12985813401360247,0.13621311848072448,0.1493520303855007,0.1459600666666736,0.823529411764706,0.7777777777777778,0.875,0.9411764705882353,0.8888888888888888,1.0,0.7692307692307692,0.7142857142857143,0.8333333333333334,0.923076923076923,0.8571428571428571,1.0,0.677908130685389,0.8246262691681799,0.5755125043626522,0.7549934241996283,0.6969660939262399,0.8235606410793845,11,11_-_Do_You_Want_To_Know_A_Secret
130,0.7526517613830305,0.05183428367346943,0.05183428367346943,0.06717439863945884,0.05358329795919303,0.9,0.8181818181818182,1.0,0.9,0.8181818181818182,1.0,0.8750000000000001,0.7777777777777778,1.0,0.8750000000000001,0.7777777777777778,1.0,0.6112171255964156,0.6163441899878325,0.6061746565554306,0.7317544900324321,0.7087076347589374,0.7563506756858738,11,11_-_Doctor_Robert
131,0.641802303044261,0.18854557210883627,0.18916508866212745,0.20714373469387937,0.198464169954649,0.8799999999999999,0.8461538461538461,0.9166666666666666,0.9600000000000001,0.9230769230769231,1.0,0.8571428571428572,0.8181818181818182,0.9,0.9523809523809523,0.9090909090909091,1.0,0.7930562568722481,0.8703202117136479,0.7283921721604577,0.7995032482841316,0.7703850499783232,0.8309090693823618,11,11_-_Every_Little_Thing
132,0.658544411572794,0.26851720963718506,0.1440878959183678,0.39389794988662175,0.39484937641724116,0.761904761904762,0.8,0.7272727272727273,0.9523809523809523,1.0,0.9090909090909091,0.7058823529411765,0.75,0.6666666666666666,0.9411764705882353,1.0,0.8888888888888888,0.4219949561800727,0.6848419891101826,0.3049522137152477,0.5328204198721599,0.41312955360045167,0.7501528316352601,11,11_-_For_You_Blue
133,0.641802303044261,0.2907770284580522,0.160663445124716,0.3475720469387795,0.3475720469387795,0.75,0.75,0.75,0.9166666666666666,0.9166666666666666,0.9166666666666666,0.7,0.7,0.7,0.9,0.9,0.9,0.7651892717215949,0.6591276151795703,0.9119298918221431,0.7781815169929026,0.8492975162352496,0.7180551115867853,11,11_-_Good_Morning_Good_Morning
134,0.6344525933451675,0.21087199183673278,0.21282959739228957,0.24138303945578343,0.2280851212018149,0.8571428571428572,0.8181818181818182,0.9,0.9523809523809523,0.9090909090909091,1.0,0.823529411764706,0.7777777777777778,0.875,0.9411764705882353,0.8888888888888888,1.0,0.6163648455084919,0.8235949526296362,0.4924550203134068,0.7214360210224255,0.6307282873976077,0.8426162723389045,11,11_-_I_Wanna_Be_Your_Man
135,0.702877803815756,0.10694062324263065,0.10682877528344648,0.10723402346939004,0.10705247120181483,0.8695652173913043,0.8333333333333334,0.9090909090909091,0.8695652173913043,0.8333333333333334,0.9090909090909091,0.8421052631578948,0.8,0.8888888888888888,0.8421052631578948,0.8,0.8888888888888888,0.9327680595749387,0.9078018764687943,0.9591463067912583,0.8978393261262145,0.922895784648017,0.8741074619986519,11,11_-_In_My_Life
136,0.7593570403182751,0.09885515136054512,0.01938775510203982,0.35851269637188216,0.35851269637188216,0.6666666666666666,0.6666666666666666,0.6666666666666666,1.0,1.0,1.0,0.5,0.5,0.5,1.0,1.0,1.0,0.9785634102462291,0.9957004479115749,0.962006284095071,0.9464179363328474,0.921625342617779,0.9725812933343202,11,11_-_Mean_Mr_Mustard
137,0.702877803815756,0.2533420775510149,0.20136675328797082,0.31078195714286183,0.305317401814059,0.9565217391304348,0.9166666666666666,1.0,0.9565217391304348,0.9166666666666666,1.0,0.9473684210526316,0.9,1.0,0.9473684210526316,0.9,1.0,0.518379545477742,0.702666874610106,0.41067299026908144,0.6060437047354224,0.5123408105182117,0.7416932647599831,11,11_-_Tell_Me_What_You_See
138,0.6339108211221961,0.22316468424036628,0.22502457868480974,0.22797044342403794,0.22575092335601,0.8695652173913043,0.8333333333333334,0.9090909090909091,0.8695652173913043,0.8333333333333334,0.9090909090909091,0.8421052631578948,0.8,0.8888888888888888,0.8421052631578948,0.8,0.8888888888888888,0.7695461732523416,0.9232866597872114,0.6596971286011664,0.7980073798491908,0.730758050154581,0.8788887002167768,11,11_-_When_I_Get_Home
139,0.6863844520098022,0.2428743874149646,0.23907556485260528,0.28852931836734896,0.2466732099773239,0.7999999999999999,0.75,0.8571428571428571,0.7999999999999999,0.75,0.8571428571428571,0.7272727272727272,0.6666666666666666,0.8,0.7272727272727272,0.6666666666666666,0.8,0.6513688622023013,0.7306273451663223,0.5876234476327724,0.7386150009135413,0.6988645162396584,0.7831601067186262,12,12_-_A_Taste_Of_Honey
140,0.6344525933451675,0.4345539336734716,0.4349676340136055,0.44283172063492193,0.45069580725623837,0.9523809523809523,1.0,0.9090909090909091,0.9523809523809523,1.0,0.9090909090909091,0.9411764705882353,1.0,0.8888888888888888,0.9411764705882353,1.0,0.8888888888888888,0.8274786332997383,0.9073625742194982,0.7605224544313267,0.8331448547523008,0.7970192126993529,0.872700837299857,12,12_-_Devil_In_Her_Heart
141,0.6478279390863703,0.13511758696144582,0.09815131360544171,0.1818154994330996,0.1818154994330996,0.8571428571428571,0.8571428571428571,0.8571428571428571,0.8571428571428571,0.8571428571428571,0.8571428571428571,0.8333333333333334,0.8333333333333334,0.8333333333333334,0.8333333333333334,0.8333333333333334,0.8333333333333334,0.6697144381114388,0.6370405413744163,0.7059212350753498,0.7702274493472135,0.7779373469629723,0.7626688728788417,12,12_-_Get_Back
142,0.6332916694221862,0.30204610204081916,0.3000656136054438,0.3054494603174618,0.3125758916099777,0.9032258064516129,0.9333333333333333,0.875,0.967741935483871,1.0,0.9375,0.888888888888889,0.9230769230769231,0.8571428571428571,0.962962962962963,1.0,0.9285714285714286,0.5818205930841152,0.6605591755146544,0.5198540468096234,0.6480114634065576,0.5938851581049944,0.7129931976107937,12,12_-_I've_Just_Seen_a_Face
143,0.6836177094429541,0.1356840010204049,0.13204827414965337,0.199664840702944,0.16224732131519204,0.8695652173913043,0.8333333333333334,0.9090909090909091,0.8695652173913043,0.8333333333333334,0.9090909090909091,0.8421052631578948,0.8,0.8888888888888888,0.8421052631578948,0.8,0.8888888888888888,0.6440305977518364,0.6029889024332326,0.6910672361302121,0.7521033823745344,0.7974433414129306,0.7116418111364247,12,12_-_I_Don't_Want_to_Spoil_the_Party
144,0.7526517613830305,0.07182742380952334,0.06740214761904895,0.07379671678005195,0.07379671678005195,0.8181818181818182,0.8181818181818182,0.8181818181818182,0.9090909090909091,0.9090909090909091,0.9090909090909091,0.7777777777777778,0.7777777777777778,0.7777777777777778,0.8888888888888888,0.8888888888888888,0.8888888888888888,0.7739783433642333,0.939304309898318,0.6581398402712285,0.7833024997780971,0.7081681005332997,0.8762722147047806,12,12_-_I_Want_To_Tell_You
145,0.7057217371439143,0.057339410884353015,0.05450274172335767,0.06841891632652164,0.06841891632652164,0.9230769230769231,0.9230769230769231,0.9230769230769231,0.9230769230769231,0.9230769230769231,0.9230769230769231,0.9090909090909091,0.9090909090909091,0.9090909090909091,0.9090909090909091,0.9090909090909091,0.9090909090909091,0.47400649937485506,0.4524187556614047,0.49775764667678196,0.5847256774146337,0.5964047275927861,0.5734952503310284,12,12_-_Piggies
146,0.6859757062313223,0.10056378299319757,0.06099323718821026,0.10954782721088208,0.10954782721088208,0.8888888888888888,0.8888888888888888,0.8888888888888888,1.0,1.0,1.0,0.8571428571428571,0.8571428571428571,0.8571428571428571,1.0,1.0,1.0,0.6438940380397153,0.6783704593656904,0.6127524805102764,0.6261160010243444,0.5813557255772278,0.6783436609139343,12,12_-_Polythene_Pam
147,0.7589013869296573,0.08059712789115644,0.05046869024943135,0.08059712789115644,0.05169562789115645,0.7272727272727272,0.6666666666666666,0.8,0.7272727272727272,0.6666666666666666,0.8,0.8571428571428571,0.75,1.0,0.8571428571428571,0.75,1.0,0.7360337445536551,0.998578700997657,0.5828037688372615,0.7895773362685055,0.6568845237627543,0.9894493204878431,12,12_-_Sgt._Pepper's_Lonely_Hearts_Club_Band_(Reprise)
148,0.7191358762730508,0.04923166326530293,0.03714609353740528,0.05452919115646182,0.051880427210882374,0.896551724137931,0.8666666666666667,0.9285714285714286,0.896551724137931,0.8666666666666667,0.9285714285714286,0.8799999999999999,0.8461538461538461,0.9166666666666666,0.8799999999999999,0.8461538461538461,0.9166666666666666,0.791766589453604,0.9908389462017222,0.6593039087763091,0.8289296401500076,0.7191740786526755,0.9782188979184168,12,12_-_Wait
149,0.6572609968353637,0.24752720204079992,0.24752720204079992,0.2656550367346995,0.2656550367346995,0.9090909090909091,0.9090909090909091,0.9090909090909091,0.9090909090909091,0.9090909090909091,0.9090909090909091,0.8888888888888888,0.8888888888888888,0.8888888888888888,0.8888888888888888,0.8888888888888888,0.8888888888888888,0.7542370744010088,0.8418677581722162,0.6831295742989502,0.8070064505144912,0.7713775891524799,0.8460859892993929,12,12_-_You_Can't_Do_That
150,0.7213523552908906,0.07833789387755097,0.06746721791382981,0.07833789387755097,0.07377777154195808,0.8799999999999999,0.8461538461538461,0.9166666666666666,0.8799999999999999,0.8461538461538461,0.9166666666666666,0.8571428571428572,0.8181818181818182,0.9,0.8571428571428572,0.8181818181818182,0.9,0.7108384648181271,0.558707245393715,0.9768175574336951,0.7969690789676,0.9538356396625772,0.6844116370559465,13,13_-_A_Day_In_The_Life
151,0.6496937849663259,0.0872675903628197,0.07439909297052155,0.13548472199545977,0.07439909297052155,0.9565217391304348,0.9166666666666666,1.0,0.9565217391304348,0.9166666666666666,1.0,0.9473684210526316,0.9,1.0,0.9473684210526316,0.9,1.0,0.7294761105724289,0.868943118220373,0.6285867524805578,0.8448834202367411,0.7964800117493848,0.8995505988860771,13,13_-_Good_Night
152,0.6800694003255598,0.3614729569161028,0.05927744739229013,0.3634314206349174,0.3634314206349174,0.8181818181818182,0.8181818181818182,0.8181818181818182,0.9090909090909091,0.9090909090909091,0.9090909090909091,0.7777777777777778,0.7777777777777778,0.7777777777777778,0.8888888888888888,0.8888888888888888,0.8888888888888888,0.6767858407472876,0.8800031777671852,0.5498175878274564,0.7315630936163937,0.627159823126811,0.877668540133926,13,13_-_Got_To_Get_You_Into_My_Life
153,0.6430614827146929,0.1649607388888903,0.17145184829931992,0.19525646734694035,0.1896958276644014,0.8695652173913043,0.8333333333333334,0.9090909090909091,0.8695652173913043,0.8333333333333334,0.9090909090909091,0.8421052631578948,0.8,0.8888888888888888,0.8421052631578948,0.8,0.8888888888888888,0.5958819375067366,0.7530271364793325,0.4930003380707606,0.7035270616288377,0.6346209466014223,0.789219205316526,13,13_-_I'll_Be_Back
154,0.6971979707230755,0.06916986179138718,0.06057341201814381,0.11916542959183864,0.07775660566893805,0.888888888888889,0.8571428571428571,0.9230769230769231,0.888888888888889,0.8571428571428571,0.9230769230769231,0.8695652173913043,0.8333333333333334,0.9090909090909091,0.8695652173913043,0.8333333333333334,0.9090909090909091,0.5839918387830574,0.6321561677627917,0.5426472443172046,0.7205783794734435,0.6973319449254805,0.7454281617002196,13,13_-_If_I_Needed_Someone
155,0.7342950966754775,0.13151066916099552,0.1357456179138321,0.14200430498866012,0.1409924358276644,0.8571428571428572,0.8181818181818182,0.9,0.9523809523809523,0.9090909090909091,1.0,0.823529411764706,0.7777777777777778,0.875,0.9411764705882353,0.8888888888888888,1.0,0.8281806772595863,0.7892328556478654,0.8711721162686532,0.8650638315897463,0.8786680352735965,0.8518744662249452,13,13_-_Not_A_Second_Time
156,0.7621237828851234,0.06253303798185783,0.06219687755101688,0.06691771439909644,0.0709662303854941,0.8,0.8333333333333334,0.7692307692307693,0.9600000000000001,1.0,0.9230769230769231,0.761904761904762,0.8,0.7272727272727273,0.9523809523809523,1.0,0.9090909090909091,0.6114558886830647,0.5733066792484469,0.6550441035042376,0.7184405795865859,0.7348584855679597,0.7027402460987584,13,13_-_Rocky_Raccoon
157,0.7920424425601619,0.08893221065760315,0.06271384557824433,0.0903626920634899,0.0903626920634899,0.7777777777777778,0.7777777777777778,0.7777777777777778,0.8888888888888888,0.8888888888888888,0.8888888888888888,0.7142857142857143,0.7142857142857143,0.7142857142857143,0.8571428571428571,0.8571428571428571,0.8571428571428571,0.7417315406301764,0.8980621853873637,0.6317579457153091,0.7210751635299489,0.6149507548941204,0.8714676812805018,13,13_-_She_Came_In_Trough_The_Bathroom_Window
158,0.6859757062313223,0.13843058707482925,0.128500123015872,0.15281676122449284,0.14562367414966104,0.823529411764706,0.7777777777777778,0.875,0.9411764705882353,0.8888888888888888,1.0,0.7692307692307692,0.7142857142857143,0.8333333333333334,0.923076923076923,0.8571428571428571,1.0,0.9326550977194733,0.8943473142092515,0.9743914291526343,0.9030103100797896,0.9442413963110063,0.8652293505683377,13,13_-_There's_A_Place
159,0.6800694003255598,0.20924461269841288,0.20924461269841288,0.20949575351473726,0.20949575351473726,0.9090909090909091,0.9090909090909091,0.9090909090909091,1.0,1.0,1.0,0.8888888888888888,0.8888888888888888,0.8888888888888888,1.0,1.0,1.0,0.6017740052822109,0.6738585712564751,0.5436212911941067,0.739497439017296,0.7110041280634591,0.7703698148848593,13,13_-_What_You're_Doing
160,0.6800694003255598,0.04720919705215465,0.041711046258502193,0.07463480226757374,0.07463480226757374,0.9090909090909091,0.9090909090909091,0.9090909090909091,0.9090909090909091,0.9090909090909091,0.9090909090909091,0.8888888888888888,0.8888888888888888,0.8888888888888888,0.8888888888888888,0.8888888888888888,0.8888888888888888,0.6567490677457015,0.8750868396411635,0.5256077648766329,0.7043619335009297,0.5959581947864636,0.8609710384916045,13,13_-_Yesterday
161,0.6658698862048891,0.13869278344671443,0.13671059625850468,0.14513150430839517,0.1419121438775548,0.9523809523809523,0.9090909090909091,1.0,0.9523809523809523,0.9090909090909091,1.0,0.9411764705882353,0.8888888888888888,1.0,0.9411764705882353,0.8888888888888888,1.0,0.6429273602679505,0.7965953985591447,0.5389589422642261,0.6670266541312942,0.5746287420181537,0.7948323984834035,14,14_-_Dizzy_Miss_Lizzie
162,0.6931034337184877,0.08445117879818653,0.07554734750566894,0.1426657912698488,0.1426657912698488,0.9,0.9,0.9,1.0,1.0,1.0,0.875,0.875,0.875,1.0,1.0,1.0,0.6416916285176846,0.47586803668310423,0.9848927806717587,0.7053469294130417,0.9595994383624391,0.5576054961351427,14,14_-_Don't_Pass_Me_By
163,0.6202759461987655,0.21225241111110904,0.21971079886621325,0.24765368140589566,0.24520362233560533,0.8799999999999999,0.8461538461538461,0.9166666666666666,0.8799999999999999,0.8461538461538461,0.9166666666666666,0.8571428571428572,0.8181818181818182,0.9,0.8571428571428572,0.8181818181818182,0.9,0.6242027335611968,0.9302282102382344,0.4696859534674465,0.6697656371952367,0.527952200479669,0.9157439634289494,14,14_-_Everybody's_Trying_to_Be_My_Baby
164,0.733039747636241,0.059182056122448756,0.025306122448981228,0.08222916428571389,0.08005923560090622,0.7999999999999999,0.75,0.8571428571428571,0.9333333333333333,0.875,1.0,0.7272727272727272,0.6666666666666666,0.8,0.9090909090909091,0.8333333333333334,1.0,0.7315410611790176,0.9946514878233508,0.5785104450499546,0.8086694425516124,0.6886594692168778,0.9793341471543717,14,14_-_Golden_Slumbers
165,0.6119861621732048,0.13152322108842895,0.15374746133786488,0.18321727006802746,0.17959448582766413,0.896551724137931,0.8666666666666667,0.9285714285714286,0.896551724137931,0.8666666666666667,0.9285714285714286,0.8799999999999999,0.8461538461538461,0.9166666666666666,0.8799999999999999,0.8461538461538461,0.9166666666666666,0.5703051686105323,0.753249523134995,0.458860185425788,0.7018598966662236,0.6240916087381997,0.8017685779360045,14,14_-_Money
166,0.6545920664481402,0.08973412380952972,0.0635498802721095,0.10929101655328743,0.0635498802721095,0.888888888888889,0.8571428571428571,0.9230769230769231,0.962962962962963,0.9285714285714286,1.0,0.8695652173913043,0.8333333333333334,0.9090909090909091,0.9565217391304348,0.9166666666666666,1.0,0.8375074714366738,0.9724303997303794,0.7354632930751713,0.8733873526318426,0.8119726765152807,0.9448525843097298,14,14_-_Run_For_Your_Life
167,0.724057482739194,0.07271316145124729,0.06867869206350008,0.07271316145124729,0.06867869206350008,0.8799999999999999,0.8461538461538461,0.9166666666666666,0.9600000000000001,0.9230769230769231,1.0,0.8571428571428572,0.8181818181818182,0.9,0.9523809523809523,0.9090909090909091,1.0,0.5085086909164703,0.7993099519895842,0.3728574226667942,0.6470948775943612,0.5386011088041627,0.8103233452433095,14,14_-_Tomorrow_Never_Knows
168,0.7177460068088221,0.4114572526077094,0.3665129173469408,0.4173889136054356,0.4144230831065725,0.823529411764706,0.7777777777777778,0.875,0.823529411764706,0.7777777777777778,0.875,0.7692307692307692,0.7142857142857143,0.8333333333333334,0.7692307692307692,0.7142857142857143,0.8333333333333334,0.9657933495573585,0.9773702475382933,0.954487496530582,0.9163653182894747,0.8942700431034465,0.9395800965923197,14,14_-_Twist_And_Shout
169,0.6863844520098022,0.17816316825396922,0.06032924999999689,0.2697819178004508,0.2697819178004508,0.875,0.875,0.875,0.875,0.875,0.875,0.8333333333333334,0.8333333333333334,0.8333333333333334,0.8333333333333334,0.8333333333333334,0.8333333333333334,0.823552993945873,0.9609895660309561,0.7205089234429087,0.8213472647039833,0.736398857945439,0.9284500250213216,15,15_-_Carry_That_Weight
170,0.7911950467390321,0.06058833718820722,0.03297323673469066,0.06307153718820863,0.06307153718820863,0.8571428571428571,0.8571428571428571,0.8571428571428571,0.8571428571428571,0.8571428571428571,0.8571428571428571,0.8000000000000002,0.8,0.8,0.8000000000000002,0.8,0.8,0.46701831002183564,0.998949011364795,0.3047447001962004,0.4505946186476906,0.2915123385465027,0.9918736921248033,15,15_-_Why_Don't_We_Do_It_In_The_Road
171,0.8236678940889788,0.05600747210884194,0.03810859761904695,0.0748849173469388,0.0748849173469388,0.875,0.875,0.875,0.875,0.875,0.875,0.8333333333333334,0.8333333333333334,0.8333333333333334,0.8333333333333334,0.8333333333333334,0.8333333333333334,0.579688875843851,0.995283871029086,0.4089330431962996,0.709674640131128,0.5565188784686119,0.9791359654562806,16,16_-_I_Will
172,0.6757262275208891,0.07764155668934289,0.07518123922902542,0.28213687777777774,0.16111646961451243,0.8,0.6666666666666666,1.0,0.8,0.6666666666666666,1.0,0.6666666666666666,0.5,1.0,0.6666666666666666,0.5,1.0,0.8879964301651049,0.9927387617094396,0.8032470735973449,0.7746951909084373,0.6710982563094522,0.9161152087240705,17,17_-_Her_Majesty
173,0.6548185243215425,0.1832053221088401,0.1818656702947834,0.1848536291383187,0.18454497392289682,0.8695652173913043,0.8333333333333334,0.9090909090909091,0.9565217391304348,0.9166666666666666,1.0,0.8421052631578948,0.8,0.8888888888888888,0.9473684210526316,0.9,1.0,0.7697575029152736,0.8838761487133212,0.6817373205368805,0.7632425332389056,0.7032845415761364,0.8343766865717216,17,17_-_Julia
